<?xml version="1.0" encoding="UTF-8"?>

<canteneMontuose>

  <cantenaMontuosa>
    <monte>wiki</monte>
    <nome>zata</nome>
    <regione>lopo</regione>
    <altezza>titi</altezza>
  </cantenaMontuosa>
    altezza unitaMisura

    <cantenaMontuosa>
      <monte>wrei</monte>
      <nome>zuuta</nome>
      <regione>meopo</regione>
      <altezza>tisi</altezza>
    </cantenaMontuosa>
      altezza unitaMisura

</canteneMontuose>


<!DOCTYPE canteneMontuose[
<!ELEMENT cateneMontuose(catenaMontuosa*)>
<!ELEMENT catenaMontuosa(monte+)
<!ELEMENT monte(nome,regione?,altezza?)>
<!ELEMENT nome(#PCDATA)
<!ELEMENT regione(#PCDATA)
<!ELEMENT altezza(#PCDATA)
<ATTLIST altezza unitaMiaur CDATA #REQUIRED>

]>
