
<?xml version="1.0" encoding="UTF-8"?>
<!DOCTYPE stock [
<!ELEMENT stock(newcar,usedcar)*>
<!ELEMENT new_car(model,price)>
<!ELEMENT used_car(model,price,mileage,condition)>
<!ELEMENT model(#PCDATA)>
<!ELEMENT price(#PCDATA)>
<!ELEMENT mileage(#PCDATA)>
<!ELEMENT condition(#PCDATA)>
]>

<stock>
  <newcar>
    <model>A</model>
    <price>999</price>
    </newcar>
  <usedcar>
    <model>B</model>
    <price>677</price>
    <mileage>potes</mileage>
    <condition>use</condition>
  </usedcar>
</stock>
